id,total_score,explanation
67,5,"The feedback provided is specific, constructive, and directly related to the problem-solving process. The author not only points out the mistake but also provides the correct solution and explains it. This feedback promotes peer-to-peer learning and is helpful for the recipient to understand their mistake and correct it. Therefore, according to the rubric, this feedback falls under Tier 5 - Most Robust. 

Score: 5"
98,5,"The feedback provided is a Tier 5 - Most Robust. The author of the feedback has elaborated on a specific piece of the problem-solving process, pointing out that the original author was finding the median, not the mean. They then go on to explain how to correctly find the mean, demonstrating a clear understanding of the problem and providing constructive, specific feedback for the original author. This feedback promotes peer-to-peer learning and is therefore categorized as Tier 5. Score: 5."
8,4,"The feedback ""My strategy is like yours because I also did -20.75 x4"" falls into the **Tier 4 - More Robust** category. The author of the feedback is connecting to the work in the thinklet with specificity, indicating that they used a similar strategy. However, they do not provide any recommendations for next steps or further elaboration on the problem-solving process, which prevents the feedback from reaching Tier 5. Therefore, the score is ""4""."
9,4,"The feedback ""My strategy is like yours because I also added the deposits"" falls into the Tier 4 category. It elaborates on a specific piece of the problem-solving process and connects to the work in the thinklet with specificity. However, it lacks recommendations for next steps, which prevents it from being categorized as Tier 5. Therefore, the score is 4."
17,4,"The feedback provided falls into the Tier 4 category. The author of the feedback is connecting to the work in the thinklet with specificity, stating that their strategy is similar to the one used in the thinklet. However, the feedback lacks recommendations for next steps or any further elaboration on the problem-solving process. Therefore, the score is ""4""."
19,4,"The feedback provided is ""My strategy is like yours because i added 8 and 8 together too."" This feedback falls into the Tier 4 - More Robust category. The author elaborates on a specific piece of the thinklet or problem related to the problem-solving process and connects to the work in the thinklet with specificity. However, it lacks recommendations for next steps. Therefore, the score is ""4""."
54,4,"The feedback ""I like the way you multiplied the withdrawals instead of adding to four times or two times."" falls into the Tier 4 category. The feedback is specific and elaborates on a particular aspect of the problem-solving process, which is the multiplication of withdrawals. However, it lacks recommendations for next steps or improvements, which prevents it from being a Tier 5 feedback. Therefore, the score is ""4""."
59,4,"The feedback provided is ""My strategy is like yours because we both didn't use the $20 in the beginning."" This feedback falls into the Tier 4 category. It elaborates on a specific piece of the thinklet or problem related to the problem-solving process and connects to the work in the thinklet with specificity. However, it lacks recommendations for next steps. Therefore, the score is ""4""."
61,4,"The feedback provided falls under the category of Tier 4 - More Robust. The author elaborates on a specific piece of the problem-solving process and connects to the work in the thinklet with specificity. However, the feedback lacks recommendations for next steps, which prevents it from being categorized as Tier 5. Therefore, the score is 4."
66,4,"The feedback provided is specific and addresses a particular aspect of the problem-solving process, which is the correction of a mistake. However, it lacks recommendations for next steps or further improvement. Therefore, it falls under Tier 4 - More Robust. 

Score: 4"
82,4,"The feedback provided falls under the category of **Tier 4 - More Robust**. The feedback giver elaborates on a specific part of the problem-solving process, namely the strategy of adding all deposits first and then subtracting the withdrawals. They also make a personal connection to the work by stating that they hadn't thought of that particular approach. However, they do not provide any recommendations for next steps or improvements, which prevents the feedback from reaching Tier 5. 

Score: 4"
84,4,"The feedback ""I like the way you added the positive together then subtracted the negatives to make the equation more simple"" falls into the Tier 4 category. It elaborates on a specific piece of the problem-solving process, namely the strategy of adding positives together and then subtracting negatives. However, it lacks recommendations for next steps or improvements, which would be necessary for a Tier 5 rating. Therefore, the score is 4."
89,4,"The feedback provided is specific and directly related to the problem-solving process. The author points out a specific error in the calculation and explains why it is incorrect. However, it lacks recommendations for next steps or how to improve. Therefore, this feedback falls into Tier 4 - More Robust. Score: 4."
1,3,"The feedback provided is somewhat specific and directly addresses the work in the thinklet. The author disagrees with the answer provided and mentions that they got a different result. However, the feedback lacks elaboration on what the different answer was or how it was obtained. It also does not provide any recommendations for next steps or improvement. Therefore, this feedback falls under Tier 3 - Robust. 

Score: 3"
4,3,"The feedback provided falls into the **Tier 3 - Robust** category. The author of the feedback has elaborated on a specific part of the problem-solving process, namely the multiplication step. They also made a connection to their own work, stating that they didn't multiply but still arrived at the same answer. However, the feedback lacks any recommendations for next steps or improvements, which prevents it from being categorized as Tier 4 or 5. Therefore, the score is ""3""."
12,3,"The feedback ""I respectfully disagree with you because you were supposed to find out how much he lost."" falls into the Tier 3 - Robust category. The author of the feedback is elaborating on a specific piece of the problem-solving process and is attempting to connect to the work in the thinklet with specificity. However, the feedback lacks recommendations for next steps, which prevents it from being categorized as Tier 4 or Tier 5. Therefore, the score is ""3""."
13,3,"The feedback provided is ""I like the way you did it because both added 83 and 30."" This feedback falls into the **Tier 3 - Robust** category. The feedback is specific to the problem-solving process, mentioning the addition of 83 and 30. However, it lacks any recommendations for next steps or improvements, which would have elevated it to a higher tier. Therefore, the score is ""3""."
16,3,"The feedback provided, ""Next time maybe you can explain your steps more clearly like not sound distracted."" falls into the Tier 3 - Robust category. The feedback is specific to the thinklet, pointing out that the steps were not clearly explained and the author seemed distracted. However, it lacks a clear recommendation for next steps, which would have elevated it to a Tier 4 or 5. Therefore, the score is ""3""."
55,3,"This feedback falls into the **Tier 3 - Robust** category. The feedback is specific to the thinklet, mentioning a particular step in the problem-solving process (adding two deposits together). However, it lacks any recommendations for next steps or further elaboration on the problem-solving process. Therefore, it doesn't reach the level of Tier 4 or 5. So, the score is ""3""."
60,3,"The feedback provided is specific and directly related to the problem-solving process. It points out a specific aspect of the work that was done well (showing work step by step) but also identifies a misunderstanding or oversight in the problem-solving process (not answering the specific question asked). However, it does not provide a recommendation for next steps. Therefore, this feedback falls into Tier 3 - Robust. 

Score: 3"
75,3,"The feedback ""Next time maybe you can use the highlighter to draw attention"" falls into the **Tier 3 - Robust** category. It provides a specific suggestion related to the problem-solving process, which is using a highlighter to draw attention. However, it lacks further elaboration or connection to the work in the thinklet. Therefore, the score is ""3""."
76,3,"The feedback provided is somewhat specific, pointing out a technical issue (the mic) and a mistake in the problem-solving process (placing the 4 in the wrong area). However, it lacks elaboration on how the mistake affected the overall solution or how it could be corrected. Therefore, this feedback can be categorized as Tier 3 - Robust. It begins to elaborate on a specific piece of the problem-solving process but does not provide recommendations for next steps. Score: 3."
79,3,"The feedback ""Next time maybe you could use your highlighter to draw attention"" falls into the **Tier 3 - Robust** category. This feedback provides a specific suggestion related to the problem-solving process, which is using a highlighter to draw attention. However, it lacks further elaboration or connection to a specific part of the work in the thinklet. Therefore, it doesn't reach the level of Tier 4 or 5. The score is ""3""."
81,3,"The feedback ""I like the way you color coded the equations to show us what writing belongs to what equation."" falls into the Tier 3 - Robust category. The feedback is specific to the thinklet, mentioning the color coding of equations, and it elaborates on a particular aspect of the problem-solving process. However, it does not provide any recommendations for next steps or improvements, which would be necessary for a higher tier. Therefore, the score is ""3""."
85,3,"This feedback falls into the **Tier 3 - Robust** category. The feedback giver acknowledges a specific aspect of the work (the use of lines to separate equations and the explanation of negative numbers). However, it lacks any recommendations for improvement or next steps, which would be necessary for a higher tier rating. Therefore, the score is ""3""."
86,3,"The feedback provided falls under the category of **Tier 3 - Robust**. The feedback giver has elaborated on a specific part of the problem-solving process, namely the subtraction step, and has attempted to connect to the work in the thinklet with specificity. However, the feedback lacks recommendations for next steps or how to improve, which would have made it a Tier 4 or Tier 5 feedback. Therefore, the score is **3**."
88,3,"The feedback provided falls into the Tier 3 category. The feedback giver has elaborated on a specific part of the problem-solving process, which is the representation of negative numbers in the equation. They have also attempted to connect to the work in the thinklet by agreeing with the answer but suggesting a clearer way to represent the equation. However, the feedback lacks a recommendation for next steps, which prevents it from being categorized as Tier 4. Therefore, the score is ""3""."
99,3,"The feedback provided falls into the **Tier 3 - Robust** category. The feedback giver has elaborated on a specific part of the problem-solving process, namely the writing out of numbers and the use of lines and circles for organization. However, the feedback lacks any recommendations for improvement or next steps, which would have elevated it to a higher tier. Therefore, the score is ""3""."
3,2,"The feedback provided falls into the Tier 2 category. The feedback acknowledges the work done by the author but lacks specific details about what was done well or what could be improved. It does not elaborate on the mathematics or the problem-solving process. The feedback is somewhat vague and does not provide constructive criticism or suggestions for improvement. Therefore, the score is ""2""."
5,2,"The feedback ""I like how you did it because you put the answer the amount you spent."" falls into the **Tier 2 - Somewhat Robust** category. The feedback is somewhat specific, mentioning that the author liked how the answer was presented in terms of the amount spent. However, it lacks further elaboration or connection to the work in the thinklet, and does not provide any constructive suggestions for improvement. Therefore, the score is ""2""."
6,2,"The feedback ""I like how you did your answer in parts."" falls under Tier 2 - Somewhat Robust. The feedback is somewhat specific, acknowledging the author's approach to solving the problem in parts. However, it lacks further elaboration or connection to the work in the thinklet. It does not provide any constructive suggestions or point out any specific details about the problem-solving process. Therefore, the score is ""2""."
7,2,"The feedback ""I like yours because it is almost the same as mine we both think that she will get a no"" falls into Tier 2 - Somewhat Robust. The author attempts to connect to the work in the thinklet, but the connection is vague and not clearly explained. There is no elaboration on the mathematics or the problem-solving process. The feedback is somewhat specific but lacks depth and constructive critique. Therefore, the score is ""2""."
10,2,"The feedback ""My strategy is like yours because I did 15 x 3 also"" falls into the Tier 2 category. It attempts to connect to the work in the thinklet, but the connection is vague and not clearly explained. There is no elaboration or specific detail about the problem-solving process. The feedback is somewhat robust but lacks depth. Therefore, the score is ""2""."
11,2,"The feedback ""My strategy is like yours because I also did 3x2"" falls into the Tier 2 category. It attempts to connect to the work in the thinklet, but the connection is vague and not clearly explained. There is no elaboration or specific detail about the problem-solving process. Therefore, the score is ""2""."
14,2,"The feedback provided is somewhat specific, as it refers to a particular method used in the problem-solving process (adding 15 x 2). However, it lacks clear elaboration and does not provide a clear connection to the work in the thinklet. It also does not provide any recommendations for next steps. Therefore, this feedback would be categorized as Tier 2 - Somewhat Robust. Score: 2."
15,2,"The feedback ""Next time maybe you can add how you found that out."" falls into the **Tier 2 - Somewhat Robust** category. The feedback is lacking in specific details and does not elaborate on the mathematics. The author attempts to connect to the work in the thinklet, but the connection is vague and not clearly explained. The feedback does not provide constructive suggestions for improvement or identify specific areas of the problem-solving process that could be improved. Therefore, the score is ""2""."
18,2,"This feedback falls into the **Tier 2 - Somewhat Robust** category. The feedback acknowledges the organization of the strategy but does not provide any specific details or elaboration on the mathematics or problem-solving process. It also lacks any clear connection to the work in the thinklet. Therefore, the score is ""2""."
20,2,"The feedback ""I like the way you explained why you thought he lost and gained money."" falls into the Tier 2 category. It attempts to connect to the work in the thinklet, but the connection is vague and not clearly explained. The feedback lacks specific details and does not provide any constructive suggestions for improvement. Therefore, the score is ""2""."
21,2,"The feedback ""I like the way you highlighted what you were talking about."" falls into the **Tier 2 - Somewhat Robust** category. The feedback is somewhat specific, as it mentions the act of highlighting, but it doesn't provide any elaboration or connection to the mathematics or problem-solving process. It also lacks any clear explanation of how this aspect of the work contributed to the overall thinklet. Therefore, the score is ""2""."
25,2,"The feedback ""I like the way you grouped your work together."" falls under Tier 2 - Somewhat Robust. The feedback is somewhat specific, mentioning the grouping of work, but it lacks further elaboration or connection to the problem-solving process. It does not provide any constructive suggestions or point out any errors. Therefore, the score is 2."
26,2,"The feedback ""I like the way you used arrows to show your work."" falls into the Tier 2 category. It provides a little bit of specific detail about the work, mentioning the use of arrows, but it doesn't elaborate on why this was effective or how it could be improved. It's an attempt to connect to the work in the thinklet, but the connection is vague and not clearly explained. Therefore, the score is 2."
29,2,"The feedback ""i like how you used boxes for your work."" would be categorized as Tier 2 - Somewhat Robust. The feedback is lacking in specific details and does not provide any elaboration aside from the mathematics. The author attempts to connect to the work in the thinklet, but the connection is vague and not clearly explained. The feedback does not provide any constructive criticism or suggestions for improvement. Score: 2."
33,2,"The feedback ""I like the way you were drawing the yes and no's"" falls into the Tier 2 category. It attempts to connect to the work in the thinklet, but the connection is vague and not clearly explained. There is no elaboration or specific detail about what was good about the drawing of the yes and no's, or how it contributed to the problem-solving process. Therefore, the score is ""2""."
39,2,"The feedback ""I like the way you put your answer and you explained your response"" falls under Tier 2 - Somewhat Robust. The feedback is lacking in specific details and does not elaborate on the mathematics. The author attempts to connect to the work in the thinklet, but the connection is vague and not clearly explained. Therefore, the score is 2."
41,2,"The feedback ""I like the way you explained your work in a way that everyone would understand"" falls into the Tier 2 category. It attempts to connect to the work in the thinklet, but the connection is vague and not clearly explained. It lacks specific details and does not provide any constructive feedback or suggestions for improvement. Therefore, the score is ""2""."
42,2,"The feedback ""I like the way you put your work and how you organized it."" falls into Tier 2 - Somewhat Robust. The feedback is somewhat specific, mentioning the organization of the work, but it lacks further elaboration or connection to the specific problem-solving process. It does not provide any recommendations for improvement or next steps, which would have made it more robust. Therefore, the score is 2."
48,2,"The feedback ""I like the way you explained how you got your answer"" falls into the **Tier 2 - Somewhat Robust** category. While it does acknowledge the author's explanation, it lacks specific details about what was particularly good about the explanation or how it could be improved. It's a vague connection to the work in the thinklet without clear elaboration. Therefore, the score is ""2""."
51,2,"The feedback ""Good job I got the same answer I like how you organized it"" would be categorized as Tier 2 - Somewhat Robust. The feedback is lacking in specific details and does not elaborate on the mathematics. The author attempts to connect to the work in the thinklet, but the connection is vague and not clearly explained. The feedback does not provide constructive suggestions for improvement or next steps. Therefore, the score is 2."
53,2,"The feedback provided falls into the Tier 2 category. The feedback does attempt to connect to the work in the thinklet by mentioning that the problem was done step by step, but it lacks specific details about what was done well or what could be improved. It also doesn't elaborate on the mathematics involved in the problem-solving process. The feedback is somewhat vague and doesn't provide clear, constructive criticism or praise for specific aspects of the work. Therefore, the score is ""2""."
56,2,"The feedback ""I like the way you explained your work, it was very clear."" falls into Tier 2 - Somewhat Robust. The feedback is somewhat specific, acknowledging the clarity of the explanation, but it does not provide any elaboration or connection to the specific problem-solving process. It lacks detail and does not provide any constructive suggestions for improvement. Therefore, the score is 2."
57,2,"The feedback ""I like the way you explained your work, it was very clear.:)"" falls into the **Tier 2 - Somewhat Robust** category. The feedback is somewhat specific, acknowledging the clarity of the explanation, but it lacks further elaboration or connection to the specific work in the thinklet. It does not provide any constructive suggestions or point out any specific parts of the problem-solving process. Therefore, the score is ""2""."
58,2,"The feedback provided is ""Next time you maybe could just use the dollar sign on your keyboard instead of writing it."" This feedback falls into the Tier 2 category. It provides a specific suggestion to the author, but it doesn't elaborate on the mathematics or problem-solving process. It's a minor suggestion related to formatting rather than the content of the thinklet. Therefore, the score is ""2""."
62,2,"The feedback provided is somewhat robust. It acknowledges the organization of the information and the clarity of the solution process. However, it lacks specific details about what was particularly good about the organization or what steps in the solution process were clear. It also doesn't provide any suggestions for improvement or further elaboration on the problem-solving process. Therefore, this feedback would be categorized as Tier 2."
63,2,"The feedback ""I hadn't thought of the way you found the answer. Although while you were explaining it, it became clear."" falls into Tier 2 - Somewhat Robust. This feedback lacks specific details and does not elaborate beyond the mathematics. The author attempts to connect to the work in the thinklet, but the connection is vague and not clearly explained. Therefore, the score is ""2""."
64,2,"The feedback ""I hadn't thought of your strategy. I did something different, although it seems reasonable. <3"" falls into Tier 2 - Somewhat Robust. The feedback is somewhat specific, acknowledging the author's unique strategy, but it lacks detail and doesn't provide any constructive criticism or suggestions for improvement. It also doesn't elaborate on the mathematics involved in the problem-solving process. Therefore, the score is ""2""."
65,2,"The feedback provided is somewhat robust. It shows that the reviewer has engaged with the work and is curious about the author's problem-solving process. However, it lacks specific details and does not provide any constructive feedback or suggestions for improvement. Therefore, this feedback would be categorized as Tier 2."
68,2,"The feedback ""I like the way you organized and explained what you did"" falls into Tier 2 - Somewhat Robust. The feedback is somewhat specific, acknowledging the organization and explanation of the work. However, it lacks further elaboration or connection to the specific problem-solving process. It does not provide any recommendations for improvement or next steps, nor does it indicate any peer-to-peer learning. Therefore, the score is 2."
69,2,"The feedback ""I like the way you spread out each problem I also like the ending when u said ""boom bam bye bye""."" falls into the Tier 2 category. The feedback is somewhat specific, mentioning the way the problems were spread out and the ending phrase, but it lacks any constructive criticism or suggestions for improvement. It also doesn't elaborate on the mathematics of the problem-solving process. Therefore, the score is 2."
70,2,"The feedback provided is somewhat specific as it mentions a similarity in strategy but lacks any further elaboration or constructive criticism. It does not provide any recommendations for improvement or further steps. Therefore, it falls under the category of Tier 2 - Somewhat Robust. 

Score: 2"
71,2,"The feedback ""My strategy is like yours because I did the exact same thing that you did."" falls under Tier 2 - Somewhat Robust. The feedback is lacking in specific details and does not provide any constructive criticism or suggestions for improvement. It does attempt to connect to the work in the thinklet, but the connection is vague and not clearly explained. Therefore, the score is 2."
72,2,"The feedback provided is somewhat specific as it mentions the way the author spaced out the equations. However, it lacks any constructive criticism or suggestions for improvement. It also doesn't elaborate on how this specific aspect of the work contributed to the problem-solving process. Therefore, this feedback falls under Tier 2 - Somewhat Robust. 

Score: 2"
73,2,"The feedback ""I hadn't thought of using the direction arrows so I like how you added that."" falls into the Tier 2 category. The feedback is somewhat robust as it provides a little elaboration on the author's work, specifically mentioning the use of direction arrows. However, it lacks specific details and does not clearly explain the connection to the work in the thinklet. Therefore, the score is 2."
74,2,"The feedback ""Next time maybe you can do the video again but with no background noises"" would be categorized as Tier 2 - Somewhat Robust. The feedback is specific to the thinklet, mentioning the background noise in the video, but it doesn't provide any constructive feedback related to the problem-solving process or the content of the thinklet. It only provides a suggestion for improving the quality of the video. Therefore, the score would be 2."
77,2,"The feedback ""Next time maybe you put in a $ in your problems"" falls into the **Tier 2 - Somewhat Robust** category. The feedback is somewhat specific, suggesting the author to include a dollar sign in their problems, but it lacks elaboration and doesn't provide a clear connection to the work in the thinklet. It doesn't provide any constructive feedback on the problem-solving process or the author's approach to the problem. Therefore, the score is ""2""."
80,2,"This feedback falls into the **Tier 2 - Somewhat Robust** category. The feedback does attempt to connect to the work in the thinklet by suggesting the use of a highlighter and the inclusion of dollar signs in math problems. However, it lacks specific details and does not elaborate on the mathematics or the problem-solving process. The feedback is somewhat vague and does not clearly explain how these suggestions would improve the thinklet. Therefore, the score is ""2""."
83,2,"The feedback provided falls into the **Tier 2 - Somewhat Robust** category. The feedback does attempt to connect to the work in the thinklet by mentioning the equations, but it lacks specific details and does not elaborate much beyond that. The feedback is not generic, but it does not provide a clear explanation or suggestion for improvement. Therefore, the score is ""2""."
87,2,"The feedback provided is somewhat specific, as it suggests a way to improve the problem-solving process by separating addition and subtraction equations. However, it lacks a clear connection to the work in the thinklet and does not provide any elaboration on the mathematics involved. Therefore, this feedback falls under Tier 2 - Somewhat Robust. 

Score: 2"
92,2,"The feedback provided falls into the Tier 2 category. The feedback does attempt to connect to the work in the thinklet, but the connection is vague and not clearly explained. The author does not elaborate on a specific piece of the thinklet or problem related to the problem-solving process. The feedback lacks specificity and does not provide constructive suggestions for improvement. Therefore, the score is 2."
94,2,"This feedback falls into the Tier 2 category. The feedback is somewhat robust, as it provides some specific details about the work, such as the sorting of data and clarity of the work. However, it lacks further elaboration or connection to the problem-solving process. Therefore, the score is 2."
95,2,"The feedback provided falls into the **Tier 2 - Somewhat Robust** category. The feedback does attempt to connect to the work in the thinklet, acknowledging the method used to solve the problem and the correctness of the final answer. However, it lacks specific details about what was liked about the solution process or how it could be improved. The feedback is also vague about why the method might not be the correct one, which could have provided more constructive criticism. Therefore, the score is ""2""."
96,2,"The feedback provided is ""Good job but I don't think you need to go down so you were right when you did the 2.4 you got it tho"". This feedback falls into the **Tier 2 - Somewhat Robust** category. The feedback does attempt to connect to the work in the thinklet, but the connection is vague and not clearly explained. The author acknowledges the correctness of a specific step (2.4) but does not provide any further elaboration or constructive feedback. Therefore, the score is ""2""."
97,2,"The feedback provided falls into the **Tier 2 - Somewhat Robust** category. The feedback does attempt to connect to the work in the thinklet by mentioning that the author put all their thought into the recording and used basic knowledge to find the answer. However, it lacks specific details about what was good about the thought process or the use of basic knowledge. It also doesn't provide any constructive suggestions for improvement or further elaboration on the mathematics involved. Therefore, the score is ""2""."
101,2,"The feedback provided falls into the **Tier 2 - Somewhat Robust** category. The feedback does attempt to connect to the work in the thinklet by mentioning the organization of the graph and the explanation provided. However, it lacks specific details and does not elaborate on the mathematics involved. The feedback is also vague in terms of the connection to the work, as the reviewer admits to not knowing the answer to the problem. Therefore, the score is ""2""."
102,2,"The feedback provided falls into the Tier 2 category. The feedback does mention specific aspects of the work, such as the setup of the data and the division to find the mean. However, it lacks any further elaboration or constructive criticism that would help the author improve their work. Therefore, the score is ""2""."
2,1,"The feedback ""Why did you add 2 and 5?"" falls into the Tier 1 category. It is a generic question that does not provide any constructive feedback or specific details about the problem-solving process. It does not elaborate on a specific piece of the thinklet or problem, nor does it provide any recommendations for next steps. Therefore, the score is ""1""."
22,1,"The feedback ""I like the way you organized your work."" falls into the Tier 1 category. It is a generic comment that does not provide any specific or constructive feedback to the author. It does not elaborate on any particular aspect of the work or provide any suggestions for improvement. Therefore, the score is ""1""."
23,1,"The feedback ""I do agree with you and it is correct."" would be categorized as Tier 1 - Least Robust. This is because the feedback is very generic and does not provide any specific or constructive feedback to the author. It does not elaborate on any part of the problem-solving process or provide any recommendations for next steps. Therefore, the score would be ""1""."
24,1,"The feedback provided falls into the Tier 1 category. The feedback is generic and does not provide any constructive criticism or specific details about the work. It does not elaborate on the problem-solving process or provide any recommendations for improvement. Therefore, the score is ""1""."
27,1,"The feedback ""I like the way you organized your work!"" would fall under Tier 1 - Least Robust. This is because the feedback is very generic and does not provide any specific or constructive feedback to the author. It does not elaborate on any specific part of the work or problem-solving process, nor does it provide any recommendations for improvement. It is a simple statement of approval that could be applied to any thinklet. Score: 1."
28,1,"The feedback ""I like how you organized your work!"" falls into Tier 1 - Least Robust. This is because the feedback is very generic and does not provide any specific or constructive feedback to the author. It does not elaborate on any specific part of the work or problem-solving process, nor does it provide any recommendations for improvement. Therefore, the score is ""1""."
30,1,"The feedback ""i like how you did your work."" is very generic and does not provide any specific details or constructive feedback for the author. It does not elaborate on any specific part of the work or problem-solving process. Therefore, this feedback falls under Tier 1 - Least Robust. 

Score: 1"
31,1,"The feedback ""I like how you organized your work."" falls into the Tier 1 category. It is a generic comment that does not provide any specific or constructive feedback to the author. It does not elaborate on any particular aspect of the work or problem-solving process, nor does it provide any recommendations for improvement. Therefore, the score is ""1""."
32,1,"The feedback ""I like how you solved it."" would be categorized as Tier 1 - Least Robust. This feedback is very generic and does not provide any specific or constructive feedback to the author. It does not elaborate on any part of the problem-solving process or provide any recommendations for improvement. Therefore, the score would be 1."
34,1,"The feedback ""I like the way you were drawing"" would be categorized as Tier 1 - Least Robust. This is because the feedback is very generic and does not provide any constructive criticism or specific details about the work. It does not elaborate on any particular aspect of the problem-solving process or provide any recommendations for improvement. Therefore, it does not meet the criteria for the higher tiers. Score: 1."
35,1,"The feedback ""I think you did good on explaining."" would be categorized as Tier 1 - Least Robust. This feedback is very generic and does not provide any specific or constructive feedback to the author. It does not elaborate on any specific part of the work or problem-solving process, nor does it provide any recommendations for improvement. Therefore, the score would be ""1""."
36,1,"This feedback falls into the Tier 1 category. The comment ""I liked how you were explaining on how you were solving your problem"" is generic and could be applied to any thinklet. It does not provide any specific or constructive feedback to the author, nor does it attempt to connect to the work in the thinklet. Therefore, the score is ""1""."
37,1,"The feedback ""I think you did a really good job on solving the problem keep up the good work."" is generic and does not provide any specific details about the work. It does not elaborate on any part of the problem-solving process or provide any constructive feedback for the author. Therefore, it falls under the category of Tier 1 - Least Robust. 

Score: 1"
38,1,"The feedback ""I like how you were explaining on how you got your answer good job."" would be categorized as Tier 1 - Least Robust. This feedback is generic and does not provide any specific or constructive feedback to the author. It does not elaborate on any specific part of the problem-solving process or provide any recommendations for improvement. Therefore, the score would be ""1""."
40,1,"The feedback ""I like the way you put your work together"" is generic and does not provide any specific details about the work or how it could be improved. It does not connect to the work in the thinklet in a meaningful way. Therefore, this feedback would be categorized as Tier 1 - Least Robust. 

Score: 1"
43,1,"The feedback provided, ""in the recording i could hear my voice but i cant hear it here"", does not provide any constructive feedback related to the problem-solving process or the thinklet. It does not elaborate on any specific piece of the work, nor does it provide any recommendations for improvement. Therefore, this feedback falls into the Tier 1 category. 

Score: 1"
44,1,"The feedback ""that is a really good answer"" falls into the Tier 1 category. It is a generic comment that does not provide any specific or constructive feedback to the author. It does not elaborate on any part of the problem-solving process or provide any recommendations for improvement. Therefore, the score is ""1""."
45,1,"The feedback ""I think this is a really good job this would really be helpful"" is generic and does not provide any specific details about the work. It does not elaborate on any part of the problem-solving process or provide any constructive feedback for the author. Therefore, this feedback falls under Tier 1 - Least Robust. 

Score: 1"
46,1,"The feedback ""this will really be helpful good job."" would be categorized as Tier 1 - Least Robust. This feedback is very generic and does not provide any specific or constructive feedback to the author. It does not elaborate on any specific part of the problem-solving process or provide any recommendations for improvement. Therefore, it does not meet the criteria for the higher tiers. Score: 1."
47,1,"The feedback ""i like the way you drew your picture."" would be categorized as Tier 1 - Least Robust. This is because the feedback is very generic and does not provide any constructive criticism or specific details about the work. It does not elaborate on any aspect of the problem-solving process or provide any recommendations for improvement. Therefore, the score would be ""1""."
49,1,"The feedback ""I like the way you how you organize it"" falls into Tier 1 - Least Robust. This is because the feedback is generic and could be applied to any thinklet. It does not provide any specific or constructive feedback to the author, nor does it attempt to connect to the work in the thinklet. Score: 1."
50,1,"The feedback ""Good job"" is very generic and does not provide any specific or constructive feedback to the author. It does not elaborate on any part of the work or problem-solving process. Therefore, this feedback falls under Tier 1 - Least Robust. 

Score: 1"
52,1,"The feedback ""it was good"" falls into the Tier 1 category. It is a generic comment that does not provide any specific or constructive feedback to the author. It does not elaborate on any aspect of the work or problem-solving process, nor does it provide any recommendations for improvement. Therefore, the score is ""1""."
78,1,"The feedback ""Next time maybe you can have more $'s in your problems"" falls into Tier 1 - Least Robust. This feedback is generic and does not provide any constructive feedback for the author. It does not connect to the work in the thinklet or elaborate on a specific piece of the problem-solving process. It also does not provide any recommendations for next steps. Therefore, the score is ""1""."
90,1,"The feedback ""GOOD JOB SUSSY ENGI!!!!!!!"" falls into the Tier 1 category. It is a generic comment that does not provide any specific or constructive feedback to the author. It does not elaborate on any part of the problem-solving process or provide any recommendations for improvement. Therefore, it is the least robust type of feedback. Score: 1."
91,1,"The feedback ""yes"" is extremely vague and does not provide any constructive feedback for the author. It does not connect to the work in the thinklet at all. Therefore, it falls under Tier 1 - Least Robust. 

Score: 1"
100,1,"The feedback provided is somewhat vague and lacks specific details about the work. It does not elaborate on any particular aspect of the problem-solving process, nor does it provide any constructive feedback or suggestions for improvement. Therefore, this feedback falls under Tier 1 - Least Robust. Score: 1."
103,1,"The feedback ""I really like how nice and organized your table is!"" would be categorized as Tier 1 - Least Robust. This feedback is generic and could be applied to any thinklet. It does not provide any constructive feedback or specific details about the work in the thinklet. The author does not attempt to connect to the work in the thinklet. Score: 1."
104,1,"The feedback ""I like your table a lot!"" would be categorized as Tier 1 - Least Robust. This is because the feedback is very generic and does not provide any constructive criticism or specific details about the work. It does not elaborate on any aspect of the problem-solving process or provide any recommendations for improvement. The feedback could be applied to any thinklet, and the author does not attempt to connect to the work in the thinklet. Score: 1."
105,1,"The feedback ""I really like your table and your strategies good job!"" would be categorized as Tier 1 - Least Robust. This feedback is generic and does not provide any specific or constructive feedback to the author. It does not elaborate on what was good about the table or strategies, nor does it provide any suggestions for improvement. Therefore, it does not meet the criteria for the higher tiers. Score: 1."
106,1,"The feedback ""I got the same answer good job!"" would be categorized as Tier 1 - Least Robust. This is because the feedback is very generic and does not provide any constructive feedback for the author. It does not elaborate on any specific part of the problem-solving process or provide any recommendations for next steps. It could be applied to any thinklet. Therefore, the score would be 1."
107,1,The feedback provided is Tier 1 - Least Robust. The feedback is generic and does not provide any constructive criticism or specific details about the problem-solving process. It does not elaborate on any specific part of the thinklet or provide any recommendations for improvement. The feedback could be applied to any thinklet and does not attempt to connect to the work in the thinklet. Score: 1.
108,1,"The feedback ""I like how your voice is clear"" is generic and can be applied to any thinklet. It does not provide any constructive feedback for the author and does not attempt to connect to the work in the thinklet. Therefore, it falls under Tier 1 - Least Robust. 

Score: 1"
109,1,"The feedback ""good job explaining it"" falls into Tier 1 - Least Robust. This is because the feedback is very generic and does not provide any specific or constructive feedback to the author. It does not elaborate on any specific part of the work or problem-solving process, nor does it provide any recommendations for improvement. Therefore, the score is ""1""."
110,1,"The feedback ""your video is nice and clear"" falls into Tier 1 - Least Robust. This is because the feedback is very generic and does not provide any constructive or specific feedback to the author. It does not elaborate on any specific part of the work or problem-solving process. The feedback could be applied to any thinklet and does not attempt to connect to the work in the thinklet. Score: 1."
111,1,"The feedback ""I like how your video is organized"" would be categorized as Tier 1 - Least Robust. This is because the feedback is very generic and does not provide any specific or constructive feedback to the author. It does not elaborate on any specific part of the work or problem-solving process, nor does it provide any recommendations for improvement. Score: 1."
112,1,"The feedback ""I got the same answer as you"" falls into the Tier 1 category. It is a generic comment that does not provide any constructive feedback or specific details about the work. It does not elaborate on the problem-solving process or provide any recommendations for next steps. Therefore, the score is ""1""."
113,1,"The feedback ""you got the right noah was the best estimate"" would be categorized as Tier 1 - Least Robust. This feedback is very generic and does not provide any constructive feedback for the author. It does not elaborate on any specific part of the problem-solving process or provide any recommendations for improvement. The feedback could be applied to any thinklet and does not attempt to connect to the work in the thinklet. Therefore, the score is ""1""."
114,1,"The feedback ""you got it correct good job"" is generic and does not provide any specific or constructive feedback to the author. It does not elaborate on any part of the problem-solving process or provide any recommendations for improvement. Therefore, this feedback falls into the Tier 1 category. 

Score: 1"
115,1,"The feedback ""good job you got it correct"" is very generic and does not provide any constructive feedback or specific details about the work. It does not connect to the work in the thinklet or elaborate on any part of the problem-solving process. Therefore, this feedback falls into the Tier 1 category. 

Score: 1"
116,1,"The feedback ""good job"" falls into the Tier 1 category. It is a generic comment that does not provide any specific or constructive feedback to the author. It does not elaborate on any aspect of the work or problem-solving process, nor does it provide any recommendations for improvement. Therefore, the score is ""1""."
93,0,"The feedback provided does not contain any specific information or details related to the problem ""What's wrong with my voice."" Therefore, it is impossible to evaluate the feedback as it does not exist. The score would be ""0""."
